id,target
1,53.525352
2,51.84753
3,51.451653
8,53.525352
11,53.525356
15,53.525356
16,50.1842
18,50.44653
19,51.124863
23,50.584415
24,50.97391
26,50.668724
52,53.525352
58,51.156483
59,53.525352
60,53.525352
64,53.525352
68,50.12212
83,51.043274
84,53.525356
85,50.65891
86,53.525356
87,53.525356
88,53.525352
89,50.86203
95,50.469486
96,50.065754
98,53.525352
99,50.686344
103,50.738285
107,50.349216
113,53.525352
119,53.525356
120,53.525352
121,53.52493
122,53.525352
123,51.08175
124,50.55146
130,50.719734
131,51.02409
167,51.016167
189,53.525356
234,53.525352
245,51.215847
253,51.248577
257,51.413254
258,51.35027
268,51.23359
269,51.328102
270,53.525352
273,53.525356
280,53.525352
286,50.78654
288,53.525352
289,50.52101
293,50.460903
347,53.525352
348,53.525352
354,51.79136
360,50.0729
404,53.525356
406,51.92526
435,53.525352
438,51.699406
439,53.523685
440,53.525352
442,53.525352
443,53.525352
444,53.525352
445,53.525352
448,53.525352
480,50.550323
482,50.689423
486,50.51446
496,53.525352
507,53.525352
508,53.525352
509,53.525352
510,53.525352
511,53.525352
523,50.724163
527,53.525352
528,53.525352
536,50.460453
537,50.322514
542,53.525352
543,53.525352
549,53.525173
555,51.109356
563,51.497684
584,51.822853
585,50.57829
586,50.009445
587,50.581806
588,51.119987
595,51.181004
596,53.52129
603,53.525352
609,53.525352
616,53.525352
619,53.525352
623,53.525352
626,51.460255
631,53.525352
635,53.525352
636,53.525356
643,51.957172
645,53.525352
649,51.144176
653,53.525352
657,53.525352
658,53.525352
661,50.296356
670,53.525352
671,51.884357
674,53.525352
676,51.052856
681,50.638798
689,53.525352
695,50.517467
696,53.525352
700,51.0793
701,50.530056
714,51.409935
715,50.978325
716,50.69825
719,53.525352
726,50.530174
727,50.512234
747,53.525352
748,53.525352
750,53.525352
751,53.525352
752,53.525352
754,53.525352
756,53.525352
763,53.525352
788,53.525352
790,53.525352
792,51.03813
822,50.508587
823,53.525352
824,53.525352
825,53.525352
827,53.525352
831,50.131023
832,51.50778
833,50.519093
841,50.577133
842,50.539207
850,51.238846
855,51.156483
864,51.51355
869,52.19442
876,53.525352
891,53.525352
892,53.525352
893,53.525352
901,53.525352
911,50.19244
917,53.525352
918,50.63126
920,51.10512
922,50.633335
926,53.525352
928,53.525352
929,53.525352
946,53.525352
955,51.148212
964,50.83788
965,50.681606
967,50.476856
969,51.176723
973,53.525352
974,53.525352
987,50.243336
989,53.525158
995,53.525352
1007,53.525352
1010,53.525356
1015,53.525352
1017,53.525352
1032,53.525352
1033,53.525352
1042,53.525352
1044,53.525352
1056,53.525352
1061,50.517475
1066,50.066322
1070,53.525352
1071,53.525352
1072,53.525352
1073,50.760952
1074,53.525352
1076,53.525352
1081,50.591206
1082,53.525352
1105,53.524998
1111,50.416794
1112,53.525352
1122,51.66968
1155,50.10317
1156,53.525352
1164,50.671463
1169,51.37102
1186,51.05078
1187,50.592934
1189,53.525352
1190,53.525352
1205,53.525352
1206,51.083836
1207,53.525352
1208,51.78791
1209,53.525352
1223,51.49681
1224,53.525352
1225,53.525352
1230,50.392365
1244,51.09126
1262,53.524937
1263,53.52361
1269,53.525352
1270,50.51444
1272,51.7777
1281,50.479984
1294,53.525356
1295,53.525352
1296,51.197716
1298,50.59642
1317,53.52476
1318,51.120518
1320,53.525352
1323,53.525352
1324,53.525352
1325,53.525352
1326,53.525352
1332,53.525352
1334,53.525352
1335,53.525352
1342,53.525352
1343,53.525352
1345,53.525352
1347,53.525352
1352,53.525352
1354,53.525352
1355,53.525352
1358,53.525352
1360,53.525352
1364,53.525352
1369,53.525352
1371,51.191776
1383,51.072186
1384,50.546246
1389,51.040577
1390,50.988064
1406,51.176395
1409,53.525352
1411,53.525352
1412,53.52535
1414,51.497684
1426,51.086945
1437,53.52531
1456,53.525352
1460,53.525352
1461,53.525352
1462,53.525352
1474,50.525074
1479,53.525352
1485,50.61123
1496,50.27406
1526,53.525352
1530,51.05382
1534,53.525352
1535,53.525352
1537,53.525352
1551,51.462173
1553,49.970665
1557,53.525352
1561,51.492023
1562,50.066544
1575,53.525352
1576,53.33317
1577,53.525352
1581,50.73165
1584,53.525356
1586,53.525352
1591,53.525352
1597,50.542492
1612,53.525352
1613,53.525352
1614,53.525352
1617,50.599987
1618,50.587875
1620,53.525352
1622,50.53307
1634,53.525352
1636,53.525352
1637,53.523342
1638,51.245144
1655,51.13161
1659,53.525352
1660,53.525352
1661,53.525352
1673,51.489628
1674,51.57095
1690,52.000896
1694,51.188114
1695,53.525352
1696,53.525352
1697,50.545834
1698,51.312473
1699,51.854397
1700,51.274494
1708,50.43838
1709,50.42719
1718,50.731026
1725,51.104927
1728,51.212273
1729,50.54217
1737,50.658436
1757,51.012173
1766,53.525352
1770,53.525352
1774,53.525352
1775,50.450268
1777,51.105335
1778,53.525352
1785,53.525352
1787,53.525352
1788,53.525352
1809,53.525356
1810,53.525352
1811,53.525352
1825,53.525352
1826,53.525352
1835,50.705425
1852,50.106304
1855,50.73995
1858,53.525352
1875,53.525352
1876,53.525352
1877,51.086945
1882,50.267345
1885,53.525352
1891,53.525352
1892,51.253345
1896,53.525352
1900,51.153625
1906,53.525356
1907,53.525356
1908,53.525356
1909,53.525356
1910,53.52535
1913,53.525352
1923,50.68214
1924,50.715454
1927,50.920925
1933,53.525352
1934,53.525352
1936,53.525352
1941,51.106213
1942,50.79996
1943,50.426655
1948,50.7083
1949,51.027256
1950,50.7083
1955,53.525356
1956,53.525352
1963,53.525352
1978,50.436886
1987,51.081974
1994,53.525352
2003,53.525352
2006,53.525352
2008,50.58003
2009,50.647236
2011,50.237804
2031,53.525352
2037,53.525352
2045,51.218945
2048,50.623295
2064,53.525352
2071,50.49195
2074,53.525352
2076,53.525352
2078,53.525352
2079,51.29289
2080,51.269695
2081,53.525352
2083,53.525352
2097,53.525352
2099,53.525352
2122,51.446606
2132,50.135883
2133,50.607788
2148,50.558273
2150,50.76546
2154,53.524765
2167,51.34463
2171,51.231743
2172,50.808712
2173,51.163128
2177,53.525352
2190,50.63499
2209,53.525352
2212,53.525352
2225,51.249588
2229,50.434406
2230,51.16567
2237,50.30379
2243,50.24956
2244,51.181095
2247,53.525352
2249,51.261112
2250,50.4219
2267,51.098476
2281,50.518147
2302,53.525352
2306,53.525352
2313,51.06119
2315,51.534122
2317,53.525352
2345,53.525356
2346,53.525352
2347,53.525352
2353,53.52535
2357,50.54264
2365,50.847004
2366,51.2782
2367,50.61746
2368,50.613567
2369,50.262337
2384,53.525352
2388,50.484177
2397,51.58771
2404,53.525352
2405,53.524937
2414,51.61094
2415,51.76109
2416,51.761303
2427,53.525352
2428,53.525352
2431,53.525352
2432,50.966694
2433,53.525314
2437,51.16995
2439,53.525352
2447,50.32388
2448,50.325924
2449,53.525352
2450,53.525352
2455,51.613384
2463,51.779408
2465,50.583645
2466,51.346188
2470,51.19024
2472,53.525333
2473,53.525326
2474,53.525352
2477,53.525356
2478,51.108124
2495,50.691914
2496,50.075436
2497,51.523983
2512,53.525352
2515,51.2102
2517,50.673153
2522,53.52535
2532,53.52524
2541,53.525352
2545,53.525352
2550,53.525352
2551,53.525352
2564,53.525352
2565,53.525352
2566,50.719387
2578,50.098568
2579,51.29776
2580,50.692543
2597,53.525352
2600,53.525352
2605,51.187664
2611,53.525352
2612,53.525352
2614,51.820736
2627,53.52535
2628,53.52506
2645,51.2757
2660,53.525345
2662,53.525352
2668,51.02564
2675,53.525352
2682,50.465298
2683,50.65412
2694,53.525352
2704,50.93208
2705,51.371017
2706,53.52529
2707,53.52529
2709,53.525352
2719,51.11477
2720,51.20564
2724,53.525356
2725,53.525352
2735,53.52535
2743,50.60319
2746,50.28603
2751,51.855755
2753,53.525352
2760,53.525352
2778,53.525352
2780,51.11551
2789,53.52535
2790,53.52535
2791,53.52535
2793,53.52535
2803,53.525352
2804,53.525352
2805,53.525352
2806,53.525352
2807,53.525352
2810,53.525352
2811,53.525352
2814,50.5294
2815,51.088306
2827,53.525352
2828,53.525352
2843,50.615574
2846,53.525352
2849,50.69745
2850,50.450977
2861,53.525352
2866,53.525352
2867,51.040558
2877,53.525352
2883,50.451984
2885,53.525352
2898,50.661705
2901,53.525352
2902,53.525352
2904,53.525352
2906,53.525352
2918,50.715336
2929,50.116375
2933,53.525352
2936,53.525352
2942,51.072147
2952,53.52535
2958,50.565903
2963,53.525352
2965,53.525352
2972,53.525337
2989,51.571148
2995,51.146828
3003,53.52535
3009,53.525356
3012,51.795223
3018,50.539402
3019,51.856884
3026,51.090828
3027,51.03541
3030,50.99673
3031,51.696957
3032,50.983105
3036,50.5712
3040,50.78864
3069,53.515602
3081,53.525356
3094,50.76697
3095,50.69847
3096,50.69372
3100,51.04627
3110,51.470615
3129,51.791485
3132,53.525352
3136,51.69071
3137,50.718876
3138,53.524136
3139,51.333004
3146,51.88011
3147,53.525352
3151,51.509647
3163,53.525352
3170,53.525352
3171,50.122147
3184,50.562283
3192,53.525352
3194,50.48135
3195,51.19421
3198,51.709156
3199,51.720562
3200,51.965122
3201,51.782345
3203,53.525303
3204,53.52479
3205,53.525352
3214,53.52535
3219,50.52072
3238,53.525352
3241,50.517574
3242,51.16428
3246,53.525352
3247,51.06158
3250,51.636528
3252,51.451164
3253,53.525135
3277,50.380756
3279,53.525356
3281,53.525352
3283,50.718975
3284,50.041477
3288,53.525356
3290,51.211597
3293,53.525352
3296,53.525352
3304,50.73161
3313,50.03081
3314,50.532784
3319,53.52531
3320,51.14711
3321,52.21742
3322,51.085117
3323,53.525352
3324,53.525352
3327,50.21603
3329,51.20817
3330,51.242867
3331,51.26697
3334,53.525352
3341,53.525352
3344,53.525352
3346,53.525352
3347,53.525352
3367,50.741627
3373,53.525352
3379,51.26192
3380,51.92597
3384,53.525356
3388,50.45562
3389,53.525
3392,53.525352
3395,53.525352
3426,53.525352
3427,53.525352
3428,53.525352
3430,50.86326
3431,50.431957
3433,51.193882
3434,51.140305
3439,53.525352
3440,51.209713
3443,51.593124
3444,50.828976
3452,53.525352
3457,53.525352
3465,51.857975
3474,51.8961
3491,53.525352
3496,53.525352
3497,50.748955
3498,50.99745
3500,53.525345
3506,51.133076
3515,53.525352
3516,53.525352
3517,53.525352
3518,53.525352
3523,53.525352
3526,53.525352
3549,52.240902
3550,53.05068
3575,53.525352
3577,53.525352
3578,53.525352
3580,50.151436
3583,50.49195
3586,51.857777
3598,51.063946
3601,53.525352
3604,53.525356
3608,53.525352
3609,53.525352
3610,53.525352
3622,53.525356
3623,53.525352
3631,53.525352
3642,51.482147
3663,50.76443
3665,53.525352
3675,51.997955
3678,51.30046
3694,53.525352
3695,53.525352
3697,50.50556
3698,51.467464
3699,53.52425
3703,53.52535
3713,53.525352
3714,53.525352
3717,53.525356
3720,53.525352
3762,53.525352
3771,53.525352
3772,53.525352
3773,51.019787
3778,53.525352
3790,53.525322
3793,51.826077
3795,51.061466
3796,50.500267
3797,50.50425
3807,53.525356
3812,53.525352
3857,53.525257
3871,53.523632
3872,53.525352
3876,53.525352
3890,53.525352
3892,50.86176
3915,50.644238
3932,53.52376
3938,53.525352
3940,53.525356
3965,50.37779
3973,50.678562
3974,50.979786
3978,51.87015
3980,50.60319
3991,53.52529
3995,50.48874
3996,53.52535
4003,53.525352
4017,53.525352
4018,53.525352
4022,53.525352
4034,50.506523
4046,50.803493
4047,51.15035
4054,53.523056
4065,50.612446
4067,50.59884
4068,50.641468
4082,53.525352
4107,50.29192
4108,50.742268
4109,50.525406
4112,51.187088
4113,50.71535
4114,51.1178
4115,50.66962
4123,53.525352
4126,51.98779
4131,50.475883
4132,50.683743
4135,53.525352
4142,50.299583
4143,51.454483
4144,50.58439
4150,50.550594
4157,53.52533
4162,50.148083
4168,51.122837
4175,51.679363
4176,50.802494
4177,51.257137
4185,51.117886
4192,53.525352
4196,53.525352
4199,53.525352
4200,50.68321
4205,53.525352
4210,53.525356
4211,53.525352
4212,51.13667
4215,53.525352
4222,53.525352
4223,51.448067
4232,51.705326
4246,51.336277
4255,50.38145
4261,51.20237
4264,50.517475
4270,50.143444
4309,51.991497
4310,51.08272
4311,50.143642
4316,53.525345
4317,50.603985
4318,53.525345
4322,53.525352
4329,51.67751
4331,50.51955
4335,51.071827
4342,51.736588
4343,50.913055
4344,52.072933
4358,50.780376
4359,51.706364
4360,50.178017
4365,53.525352
4367,51.856773
4368,50.756657
4369,50.445057
4370,51.393764
4371,50.910923
4372,50.5601
4373,53.525356
4376,53.525352
4380,53.525352
4381,53.525352
4395,50.67462
4398,51.17102
4401,53.525352
4404,50.088863
4406,50.655922
4408,53.525352
4410,51.135975
4411,50.684727
4412,50.68169
4413,50.769672
4414,51.12
4415,51.139404
4432,51.600628
4437,53.525322
4438,51.071354
4442,51.005955
4445,53.525352
4456,53.525352
4457,53.525352
4472,51.09142
4473,51.14656
4484,50.928394
4496,53.525352
4499,53.525352
4500,53.525352
4501,53.525352
4503,52.14884
4518,50.62653
4525,53.525352
4529,53.525356
4535,50.89535
4538,51.13513
4540,50.778866
4543,51.0748
4544,50.509476
4548,53.525352
4549,53.525352
4556,51.20681
4558,52.90074
4562,53.525352
4567,53.525352
4568,53.525352
4569,53.523106
4571,51.807087
4572,53.525352
4581,51.69605
4582,50.999447
4589,53.525352
4590,51.077435
4591,51.049942
4593,51.068752
4595,51.146114
4596,51.163364
4614,51.72195
4620,51.684578
4623,50.651886
4627,53.520535
4635,53.525352
4636,50.16317
4637,50.661842
4651,51.448067
4654,53.525352
4658,53.525352
4668,50.64668
4674,53.525352
4681,53.525352
4682,53.525352
4687,53.525352
4689,53.525352
4697,53.525352
4703,53.525352
4707,50.10317
4709,53.525352
4714,53.525352
4715,53.525352
4716,53.525352
4717,50.603374
4732,51.053387
4733,50.55518
4740,53.525352
4741,50.269024
4744,51.656292
4745,50.64342
4746,51.85281
4747,50.949154
4753,51.105114
4767,53.525352
4768,53.525352
4769,53.525352
4772,53.525352
4785,51.017315
4805,51.459423
4813,53.525352
4814,53.525352
4815,53.525352
4840,50.559772
4847,53.525356
4861,50.6188
4863,50.643368
4865,53.525352
4866,53.525352
4867,53.525352
4885,50.182842
4896,53.522617
4903,53.525352
4904,50.171093
4912,52.098515
4917,53.525352
4919,50.564953
4924,53.525352
4926,53.525352
4932,53.525352
4933,50.63942
4936,53.525223
4937,50.234753
4943,53.525352
4945,50.92773
4949,53.525352
4951,53.525352
4954,50.241
4956,53.525352
4958,53.525352
4961,53.525345
4962,53.525352
4963,50.241
4965,50.538006
4967,51.041843
4972,53.525352
4987,53.52535
4989,51.104984
4990,51.447887
4991,53.525204
5000,53.525352
5004,53.525352
5008,50.471546
5012,51.242733
5019,50.57493
5033,53.525352
5035,53.525352
5047,53.525352
5048,53.525352
5066,53.521996
5070,53.525352
5071,50.289772
5077,50.750866
5079,50.440845
5084,53.525352
5087,51.954712
5099,51.8508
5102,51.211597
5117,51.09129
5125,50.62656
5126,53.525356
5139,53.525352
5140,53.525352
5141,53.525352
5150,51.997955
5156,53.525352
5158,53.525352
5188,53.525352
5189,53.525352
5199,53.525352
5203,53.525352
5212,53.525352
5215,53.525356
5218,53.525352
5219,53.525352
5220,53.525352
5222,53.525352
5223,53.525352
5232,50.117504
5241,51.199543
5242,53.525352
5244,53.525352
5245,53.525352
5246,53.525352
5247,53.525352
5253,53.525352
5255,53.525352
5256,50.57829
5263,50.776978
5264,53.525352
5265,53.525352
5271,53.525352
5272,53.525352
5282,51.332172
5288,51.289608
5291,50.427616
5293,51.01696
5294,53.52535
5295,53.525352
5296,50.507084
5299,50.68218
5306,53.525352
5308,53.525352
5311,53.525352
5318,53.525352
5319,51.725826
5320,50.51335
5321,50.622005
5324,50.779938
5328,51.826893
5346,51.30819
5356,50.242336
5361,51.283054
5365,50.45949
5369,53.525352
5370,53.525352
5373,53.525352
5375,53.525352
5378,53.525352
5393,53.525295
5398,53.525352
5421,53.525352
5422,53.525352
5426,53.525345
5427,53.525352
5428,51.152744
5429,51.12495
5430,51.12612
5431,51.697083
5435,50.418682
5436,50.975697
5441,50.50681
5447,50.650528
5454,51.85004
5455,50.138096
5458,51.465626
5471,53.525352
5475,53.525352
5481,53.525352
5485,51.796585
5494,53.525352
5500,53.525352
5506,53.525352
5513,53.525352
5515,53.525352
5517,53.525352
5520,53.525352
5521,53.525352
5529,53.525352
5535,51.356365
5537,53.525352
5538,53.525352
5543,50.813896
5549,50.48137
5556,51.212273
5557,53.525352
5563,53.525352
5564,51.77066
5582,53.52534
5587,53.525352
5588,53.52534
5592,53.525352
5596,53.525352
5600,50.45871
5602,50.22287
5603,50.171204
5604,53.525352
5606,53.525352
5611,50.585983
5613,53.525352
5614,51.245464
5617,53.525356
5652,50.902935
5654,50.04672
5667,53.525352
5673,52.01856
5684,53.525356
5686,50.700607
5687,50.73581
5692,53.525352
5701,53.525352
5717,50.64846
5718,51.810753
5720,53.525352
5724,53.525352
5725,53.525352
5733,53.525352
5742,53.525356
5759,53.525352
5772,53.525352
5774,53.525352
5776,53.525352
5783,53.525352
5784,53.525352
5785,53.525352
5790,53.525352
5792,53.521496
5794,50.947918
5803,50.02084
5804,51.008358
5809,53.525295
5810,50.657295
5811,51.01199
5816,50.396748
5822,50.34864
5823,50.542683
5832,53.525352
5838,51.190292
5839,53.525337
5841,53.52535
5842,50.434315
5843,50.220894
5847,53.525352
5848,53.525352
5854,53.525352
5855,53.525352
5861,51.13771
5868,50.771072
5869,50.771072
5872,53.525352
5873,53.525352
5881,50.805897
5882,50.799137
5885,51.11204
5887,50.284252
5889,50.291565
5890,50.3454
5896,53.525352
5897,53.525352
5898,53.525352
5906,50.507236
5909,53.525352
5915,53.525352
5921,50.995945
5922,53.525352
5923,53.525352
5928,51.37644
5930,53.525352
5937,53.525352
5938,53.524075
5939,53.525356
5940,51.034397
5947,53.525345
5950,53.525352
5951,53.525352
5958,53.525352
5959,53.525352
5963,51.408092
5977,53.525352
5988,50.505646
5989,50.173923
5992,51.159546
5994,53.52518
5998,50.56132
5999,50.520992
6000,50.27741
6001,53.525352
6014,53.525352
6015,53.525352
6016,53.525352
6021,51.105316
6022,50.25628
6025,50.598583
6026,50.529205
6027,51.797604
6031,53.525352
6040,53.525352
6041,53.525352
6042,50.479725
6069,50.0975
6071,51.716053
6072,50.55418
6073,51.735256
6078,53.525352
6081,53.525352
6083,51.217487
6092,53.525352
6110,53.525352
6117,53.525352
6125,53.525352
6126,53.525356
6127,53.52527
6128,53.525352
6138,53.525352
6139,53.525352
6140,53.525352
6148,53.525352
6153,50.706387
6163,50.835133
6164,52.09467
6165,51.698917
6169,53.525352
6170,51.50805
6171,51.488483
6172,50.955475
6173,53.525352
6180,50.58857
6184,50.58028
6191,50.516563
6197,50.880848
6202,50.432636
6204,51.03799
6208,53.525356
6218,53.525356
6219,53.525352
6226,53.525352
6227,53.525352
6228,53.525352
6238,51.571114
6243,50.40722
6254,51.499813
6255,50.434227
6259,53.525356
6276,53.525352
6283,50.98543
6284,50.540203
6285,50.618923
6286,53.525352
6296,51.1133
6297,50.768707
6311,53.525352
6312,53.525352
6320,51.210125
6336,53.525352
6337,50.49854
6338,50.474323
6341,53.525352
6344,53.525352
6345,53.525352
6346,53.525356
6347,53.525352
6352,52.024868
6358,51.568512
6360,51.750877
6361,53.525352
6367,53.525356
6382,50.730686
6391,53.525352
6397,50.48107
6399,53.525352
6401,51.31883
6402,53.525352
6403,53.525352
6405,50.40247
6407,53.525352
6420,50.57827
6424,53.525276
6433,50.5629
6435,50.253403
6436,50.21149
6443,53.525352
6448,53.525352
6450,53.525352
6452,53.525352
6453,53.525352
6465,53.525352
6478,53.525352
6480,50.54533
6482,50.542942
6486,53.52535
6504,53.525352
6507,51.196163
6522,53.525352
6531,53.525352
6537,53.525352
6538,53.525352
6539,51.594227
6540,50.636414
6545,53.525352
6549,53.525352
6563,53.479717
6564,50.528194
6565,51.387264
6567,50.574627
6568,50.696156
6569,50.6508
6570,53.525352
6583,50.299866
6584,53.525352
6588,50.035522
6589,53.52499
6590,50.54708
6594,50.977673
6602,53.525356
6603,53.525352
6605,50.712486
6609,53.525352
6612,50.658627
6621,53.52346
6647,53.525356
6649,51.239437
6651,51.01323
6663,53.525356
6666,51.140347
6668,52.921795
6669,53.525352
6685,50.420242
6696,53.525352
6698,50.01984
6700,50.565228
6702,53.525288
6703,53.52535
6706,53.525352
6707,53.525352
6708,53.525352
6709,53.525352
6710,53.525352
6711,53.525352
6712,53.525352
6713,53.525352
6719,53.525352
6722,53.525352
6727,53.525352
6734,53.525345
6738,50.59595
6739,53.525352
6744,53.525352
6753,53.525352
6758,53.525356
6759,53.525352
6764,50.56731
6782,53.525352
6784,53.525356
6790,53.525352
6791,53.525352
6805,50.625347
6807,50.946198
6809,53.525352
6810,50.646896
6812,50.64677
6818,50.64562
6821,53.525352
6829,51.148193
6830,51.31374
6834,53.525352
6835,51.128372
6848,50.534576
6854,53.525352
6863,51.71271
6866,53.525352
6879,50.558342
6927,53.525352
6928,53.525135
6929,53.525352
6948,50.692627
6964,50.56892
6969,51.11649
6976,50.519768
6981,50.906864
6987,50.98692
6999,51.675854
7015,53.525352
7019,50.74333
7020,51.011677
7021,50.494198
7022,50.639484
7030,50.566643
7035,53.525352
7037,53.525352
7038,53.525352
7060,50.60065
7063,51.1105
7066,53.525352
7067,50.33778
7072,51.72861
7074,51.11477
7075,51.20564
7076,53.525352
7081,53.525127
7106,50.026505
7109,53.525352
7139,50.56185
7147,51.485672
7160,53.525352
7175,53.525352
7193,53.525352
7203,50.463947
7204,50.579998
7205,53.525352
7207,50.946377
7208,50.98942
7209,50.996895
7210,50.54418
7229,50.053093
7231,50.217854
7238,53.525352
7240,53.525352
7246,53.525352
7251,53.525352
7259,53.525352
7264,53.525352
7267,53.52522
7283,50.603985
7286,51.2147
7290,53.525352
7291,53.525352
7312,53.525352
7314,51.353092
7315,52.057518
7316,53.525352
7323,51.453297
7329,53.525352
7331,53.525352
7342,53.525352
7343,53.525352
7356,53.525352
7358,53.525352
7376,53.525352
7381,53.525352
7382,53.525352
7389,53.525352
7390,53.525352
7407,53.525352
7412,53.525352
7414,53.525352
7417,53.525352
7422,53.525352
7429,50.621265
7430,53.525352
7436,50.919308
7446,51.732704
7448,50.657593
7457,53.52518
7459,53.525352
7460,51.68671
7462,51.158897
7465,53.525352
7467,53.525352
7472,51.159252
7474,51.68393
7477,51.68166
7478,51.67737
7484,53.525265
7485,50.94395
7504,53.525352
7505,53.525352
7518,53.52519
7519,53.525356
7522,53.525352
7526,51.305283
7527,51.0501
7528,51.032528
7551,50.202435
7556,50.968174
7557,50.505753
7559,51.927956
7560,51.918
7561,51.778416
7566,53.525356
7568,50.53774
7569,50.60065
7583,53.525352
7591,50.11063
7592,53.52535
7605,53.525352
7609,50.117016
7610,50.264194
7638,50.61379
7640,53.525352
7643,50.891453
7644,50.064014
7645,50.158188
7648,51.874424
7655,51.08685
7662,53.525352
7667,53.525352
7672,51.159588
7678,51.010258
7679,50.51634
7697,53.525352
7729,53.522186
7730,53.524944
7737,53.5252
7740,51.033066
7746,51.228916
7764,50.53774
7767,50.410084
7769,51.26814
7771,53.521782
7781,53.525352
7782,53.525352
7783,53.525352
7785,53.525352
7790,53.513844
7804,53.525352
7809,53.525352
7813,50.070248
7817,53.525352
7827,51.043217
7828,50.811417
7832,50.64816
7841,53.52464
7842,51.116642
7846,49.919865
7856,50.184467
7857,50.181347
7858,53.5253
7860,50.218746
7871,50.49291
7890,53.525352
7898,51.12412
7899,50.612934
7929,53.525352
7930,53.525352
7931,53.525352
7934,53.525352
7935,53.525352
7936,53.525352
7937,53.525352
7938,53.525352
7939,53.525352
7940,53.525352
7941,53.525352
7942,53.52529
7943,53.52509
7944,53.525276
7945,53.525352
7946,53.525352
7947,53.525352
7949,53.525352
7950,53.525352
7951,53.525352
7952,53.525352
7953,53.525352
7954,53.525352
7955,53.525352
7956,53.525352
7957,53.525352
7958,53.525352
7959,53.525352
7960,53.525352
7961,53.525352
7962,53.525352
7963,53.525352
7964,51.28443
7966,50.99949
7967,51.148975
7968,51.38564
7969,51.104923
7970,51.078228
7971,51.15074
7990,53.525352
8007,53.525352
8011,53.520256
8012,53.525352
8013,53.523922
8015,51.092445
8016,50.880978
8017,50.96522
8018,53.525227
8020,51.52747
8030,53.52528
8053,50.83011
8054,51.22392
8056,51.238846
8058,51.677624
8059,51.768597
8061,50.189617
8063,50.86438
8072,51.885162
8073,51.85726
8074,51.268776
8075,50.046825
8084,53.525352
8090,50.618587
8092,53.525352
8095,53.52531
8096,53.525303
8097,53.525352
8098,51.066875
8099,53.525314
8107,51.107525
8122,53.525322
8130,50.60666
8133,53.525352
8134,53.525352
8136,53.525356
8149,53.525356
8150,53.525352
8152,53.525356
8161,53.525352
8162,53.525352
8167,51.235252
8168,51.032837
8171,53.525352
8173,53.525356
8175,53.525352
8193,53.525352
8202,53.525352
8208,53.525352
8219,50.48505
8220,50.054623
8221,53.525352
8223,53.525352
8225,50.99762
8236,53.525356
8237,53.525192
8240,50.81847
8241,50.277966
8242,50.602528
8243,50.498066
8245,51.6448
8246,50.949528
8252,49.938717
8254,51.450813
8260,50.59145
8263,50.530235
8269,50.479984
8277,53.525352
8278,50.64638
8281,51.12118
8288,53.525352
8289,53.525356
8291,50.576176
8292,51.91005
8293,53.525352
8299,53.525352
8300,53.525352
8303,51.00568
8304,50.1143
8305,50.07068
8313,50.829872
8317,50.451
8318,50.54427
8328,53.525352
8330,53.525352
8335,50.245186
8341,53.525322
8342,53.52531
8345,50.492367
8348,53.521782
8353,53.525356
8364,53.525352
8372,53.525352
8373,53.525352
8376,53.525352
8377,53.525352
8403,50.685024
8404,51.945065
8405,53.525352
8412,50.14657
8416,50.552357
8427,51.059963
8438,50.532642
8439,50.34931
8443,53.525352
8446,51.85947
8447,51.86129
8448,51.861767
8450,50.462566
8451,51.686043
8483,51.08565
8494,53.525352
8504,53.525352
8505,52.063423
8518,53.525352
8523,53.525352
8524,50.236816
8525,50.534573
8544,53.525356
8555,53.525352
8566,50.927914
8570,51.118656
8572,50.29511
8573,50.578228
8576,51.15005
8578,53.525352
8585,53.525352
8594,51.563267
8595,51.146423
8628,50.834293
8643,50.996807
8665,50.15909
8676,53.525352
8677,50.590954
8680,53.525356
8684,51.302353
8693,52.222652
8694,53.522945
8697,50.434315
8701,53.525356
8702,53.525352
8714,50.250095
8723,53.525352
8724,53.525352
8726,53.525356
8732,53.525352
8739,53.525352
8741,51.09405
8744,53.525352
8754,53.525352
8755,53.525352
8760,53.525352
8761,51.208817
8762,51.377712
8769,52.14529
8783,53.525352
8790,53.525295
8791,53.525352
8796,51.284504
8801,53.525352
8802,53.525345
8803,51.20663
8804,51.32523
8805,51.206593
8806,51.20663
8815,53.525352
8827,53.525352
8835,51.083435
8849,53.515614
8852,53.525352
8853,53.525352
8859,53.525352
8860,53.525352
8865,50.59283
8870,53.525352
8871,53.525352
8872,53.525352
8882,53.525352
8883,53.525352
8887,50.67809
8889,53.525352
8903,53.525352
8906,53.525352
8917,53.525352
8923,53.525352
8924,53.525352
8938,53.525352
8939,50.129658
8940,53.525352
8952,53.525352
8954,53.525352
8960,53.525352
8964,53.525356
8971,51.586643
8972,51.9474
8974,53.525352
8978,51.83513
8980,51.378407
8985,53.525352
8993,53.525345
8997,53.525352
8999,53.525352
9007,51.899822
9008,51.8995
9009,50.480644
9020,53.52168
9022,51.389748
9024,53.525352
9026,53.525352
9027,53.525352
9031,51.122967
9052,53.525352
9073,53.525352
9077,53.525352
9085,50.417103
9102,53.525352
9115,53.525352
9118,50.72421
9123,50.15846
9127,50.73839
9131,51.60607
9136,51.106697
9137,50.417065
9145,51.94551
9156,51.13867
9157,53.525352
9162,53.524937
9163,50.54708
9167,53.525352
9174,50.94751
9181,53.525352
9184,51.80885
9189,53.525352
9192,51.07553
9201,53.525352
9202,53.525352
9203,53.525352
9204,53.525352
9206,53.525352
9207,53.525352
9208,53.525352
9209,53.525352
9210,53.525352
9211,53.525352
9212,53.525352
9216,51.65671
9219,53.525352
9220,53.525352
9222,53.525352
9232,51.110985
9238,53.525352
9239,50.528004
9250,51.19116
9285,51.60304
9288,53.52535
9292,53.525352
9304,53.525352
9325,50.837
9326,53.524647
9336,50.829872
9338,51.176823
9339,50.649494
9341,51.181366
9344,53.525352
9350,50.013805
9351,50.179684
9368,53.525352
9377,50.263454
9393,53.525352
9400,51.103386
9401,50.503872
9403,50.249752
9410,50.67336
9411,53.525352
9412,53.525352
9413,53.525352
9418,53.525352
9425,53.525352
9449,51.287033
9450,51.68426
9456,51.88394
9457,53.525208
9462,50.688114
9472,53.525352
9474,51.010456
9476,53.52518
9477,53.524754
9492,51.13532
9494,53.525352
9495,53.525352
9498,53.525352
9499,53.525352
9502,51.14597
9514,51.578026
9515,50.64341
9519,51.115475
9525,50.451687
9534,50.977554
9537,50.60335
9539,50.110836
9541,50.549618
9543,53.525352
9556,53.525352
9558,53.525352
9559,53.525352
9563,53.525352
9576,53.525352
9578,50.573383
9580,50.655235
9586,53.525352
9588,50.146984
9593,50.84202
9598,52.007206
9613,53.525352
9617,51.257908
9620,53.525352
9631,53.525352
9632,51.15121
9634,51.213894
9636,53.525352
9651,50.783028
9655,51.587803
9656,53.365444
9657,51.001976
9680,50.412704
9681,50.49195
9684,50.531025
9695,51.688908
9703,53.525352
9707,53.525352
9709,51.078438
9713,53.525352
9716,53.525352
9717,53.525352
9719,50.689716
9725,53.52535
9726,53.525352
9734,50.976162
9742,53.52535
9743,53.525345
9747,50.17041
9754,51.86912
9755,51.870567
9760,51.15869
9763,53.490955
9771,50.678635
9775,50.453655
9785,53.525352
9801,53.525352
9802,53.525352
9803,53.525352
9804,53.525352
9806,53.525352
9827,53.525352
9829,51.989464
9832,51.010036
9835,50.443264
9848,50.549892
9851,53.525352
9855,50.660942
9863,50.55852
9864,50.70551
9865,50.10478
9866,51.61768
9867,53.525352
9879,53.525352
9883,53.525352
9893,53.525356
9899,53.525352
9912,51.18498
9920,51.225094
9927,51.295662
9929,50.881985
9930,51.04703
9932,51.91106
9933,51.004517
9939,53.525352
9940,49.98463
9941,49.987648
9954,51.204372
9958,51.72701
9963,50.403294
9972,53.52535
9980,53.525356
9985,51.73243
9992,53.525352
10008,50.039795
10022,51.64711
10023,53.525356
10030,53.525105
10038,51.901592
10041,53.52535
10042,50.14368
10048,53.525356
10061,51.05382
10066,50.47112
10072,53.525284
10073,53.525356
10080,51.102554
10082,53.525352
10092,50.855846
10093,50.388287
